"","g_whoregion","pregTBI_best","pregTBI_lo","pregTBI_hi","ppTBI_best","ppTBI_lo","ppTBI_hi"
"1","AFR",60861.5004270745,237.57933399696,132483.855479476,19834.3282641805,77.4254079543663,43175.5421875079
"2","AMR",2975.84246695229,703.197042818068,5282.31321479634,969.805803962131,229.166893418388,1721.46814589345
"3","EMR",16260.0530522502,989.223232225805,33291.6100567916,5299.03514649224,322.38078550216,10849.4979202937
"4","EUR",2800.90624141506,525.700212234833,5255.77207085275,912.795337604016,171.321944165816,1712.81857666183
"5","SEA",54331.008669331,8670.64387146762,104246.15807951,17706.0876467016,2825.70090454079,33973.0783026973
"6","WPR",13346.1697048788,3032.08453966356,25794.4644086937,4349.4213770364,988.134693729643,8406.23170461895
"7","Total",150575.480561902,14158.4282324068,306354.17331012,49071.4735759769,4614.13062931116,99838.6368376732
