"","g_whoregion","pregTBI_best","pregTBI_lo","pregTBI_hi","ppTBI_best","ppTBI_lo","ppTBI_hi"
"1","AFR",58971.901993402,242.022353461286,129427.220503881,19218.5216317783,78.8733562619369,42179.4066820683
"2","AMR",3157.84707676319,786.681717660205,5564.46869870082,1029.11980626658,256.373952630335,1813.42060270161
"3","EMR",15193.1767186673,849.074276140818,31396.7372360513,4951.34776992282,276.707241778034,10231.9724028203
"4","EUR",2475.27485986882,401.336570314761,4684.94630032866,806.674396296534,130.792721575793,1526.79053537496
"5","SEA",54720.9347722587,5850.70696244019,109112.016731835,17833.1617784593,1906.70360829524,35558.8268813568
"6","WPR",13702.9693580178,3106.99137947021,26658.1859033122,4465.69983542545,1012.54629777377,8687.71237027585
"7","Total",148222.104778978,11236.8132594875,306843.575374108,48304.525218149,3661.99717831511,99998.1294745978
