"","g_whoregion","pop_f","TBI_best","TBI_lo","TBI_hi","births_best","births_lo","births_hi","pregTBI_best","pregTBI_lo","pregTBI_hi","ppTBI_best","ppTBI_lo","ppTBI_hi"
"1","AFR",258624360,633860,3186,1476500,36352741.6,34399107.2,38306379.2,60832.2413327138,226.306426595105,151102.820871778,19824.7929343219,73.751647952869,49243.330016249
"2","AMR",275902516,62866,16282,109830,14752981.2,12897078,16608888,2925.01405250054,596.213490148168,5792.09282186566,953.241186752409,194.301717771501,1887.60167855443
"3","EMR",174991961,215343,13138,459730,16473532.6,15176109.4,17770959.2,16137.5723893423,842.154728387625,37194.366014425,5259.11957331243,274.45221059061,12121.3782100581
"4","EUR",207022672,59679,9396,117712,9416259.8,8103982.6,10728537,2569.85370750703,345.85581597628,5722.81084765707,837.49696717863,112.711940027984,1865.0231780311
"5","SEA",564689679,1120530,199738,2198220,36077754.4,32061548.8,40093953.6,54313.7252260105,7999.18798981993,119767.803603835,17700.4550959766,2606.87822882524,39031.4717101784
"6","WPR",541553399,310336,89063,606610,23612817.8,20226439.2,26981636.8,13304.7035777779,2655.67325519843,30768.7862069612,4335.90786240082,865.464944774487,10027.3276478043
"7","Total",2022784587,2402614,330803,4968602,136686087.4,122864265.2,150490353.8,150083.110285852,12665.3917061255,350348.680366522,48911.0136199428,4127.56068994269,114176.132440875
