"","g_whoregion","pop_f","TBI_best","TBI_lo","TBI_hi","births_best","births_lo","births_hi","pregTBI_best","pregTBI_lo","pregTBI_hi","ppTBI_best","ppTBI_lo","ppTBI_hi"
"1","AFR",258624360,670550,24006,1531150,36352741.6,34399107.2,38306379.2,60832.2413327138,226.306426595105,151102.820871778,19824.7929343219,19824.7929343219,19824.7929343219
"2","AMR",275902516,62866,16282,109830,14752981.2,12897078,16608888,2925.01405250054,596.213490148168,5792.09282186566,953.241186752409,953.241186752409,953.241186752409
"3","EMR",174991961,215343,13138,459730,16473532.6,15176109.4,17770959.2,16137.5723893423,842.154728387625,37194.366014425,5259.11957331243,5259.11957331243,5259.11957331243
"4","EUR",189856411,58089,8376,115562,8610561.8,7405952,9815171,2502.24895863765,308.31692665848,5619.00767987146,815.465062413164,815.465062413164,815.465062413164
"5","SEA",557155536,1085430,179938,2145720,35725399.2,31755717.8,39695074.2,53069.0245227853,7402.58352235424,117705.264259653,17294.8160275148,17294.8160275148,17294.8160275148
"6","WPR",541553399,310336,89063,606610,23612817.8,20226439.2,26981636.8,13304.7035777779,2655.67325519843,30768.7862069612,4335.90786240082,4335.90786240082,4335.90786240082
"7","Total",1998084183,2402614,330803,4968602,135528034.2,121860403.6,149178108.4,148770.804833757,12031.248349342,348182.337854553,48483.3426467156,48483.3426467156,48483.3426467156
