"","g_whoregion","pregTBI_best","pregTBIwidthSq","ppTBI_best","ppTBIwidthSq","pregTBI_lo","ppTBI_lo"
"1","AFR",72316.6972023906,600232318.15725,23567.4950704219,63748366.2201049,47817.0580589818,15583.2376710075
"2","AMR",3442.04007746783,942468.556526178,1121.73627524621,100095.960971939,2471.23187986844,805.356817992839
"3","EMR",23034.0729646192,201406031.888209,7506.6398500768,21390560.1070684,8842.31366958434,2881.64686553418
"4","EUR",3560.29740142357,2136864.3881077,1160.27549242822,226948.149000039,2098.49564054499,683.884739999038
"5","SEA",80468.1993482107,2803926965.84769,26224.0113947294,297794300.083752,27516.0797886719,8967.2938597011
"6","WPR",18143.3100661207,93253904.7670742,5912.77515547685,9904138.60219504,8486.50392914801,2765.69101262413
"7","Total",179519.764671539,3701898553.60486,58504.2090224211,393164409.123093,118676.535355493,38675.8351828171
