"","g_whoregion","pop_f","TBI_best","TBI_lo","TBI_hi","births_best","births_lo","births_hi","pregTBI_best","pregTBI_lo","pregTBI_hi","ppTBI_best","ppTBI_lo","ppTBI_hi"
"1","AFR",264681033,670550,24006,1531150,37249722.2,35249481.6,39249966,61788.8236443126,228.437311996157,134532.879271376,20136.5362769411,74.4460882844619,43843.3044054039
"2","AMR",275902516,62866,16282,109830,14752981.2,12897078,16608888,2925.01405250054,668.539892459266,5215.31353625165,953.241186752409,217.872375667529,1699.63342922487
"3","EMR",174991961,215343,13138,459730,16473532.6,15176109.4,17770959.2,16137.5723893423,907.027543580489,33128.8444196212,5259.11957331243,295.593797684713,10796.4537617515
"4","EUR",189856411,58089,8376,115562,8610561.8,7405952,9815171,2502.24895863765,342.4282990282,4841.72941850456,815.465062413164,111.594936736869,1577.88503370908
"5","SEA",557155536,1085430,179938,2145720,35725399.2,31755717.8,39695074.2,53069.0245227853,8006.39936115241,102386.434296733,17294.8160275148,2609.22836323271,33367.0076056318
"6","WPR",541553399,310336,89063,606610,23612817.8,20226439.2,26981636.8,13304.7035777779,3004.56544527411,25739.0512488813,4335.90786240082,979.166417433081,8388.17295164434
"7","Total",2004140856,2402614,330803,4968602,136425014.8,122710778,150121695.2,149727.387145356,13157.3978534906,305844.252191368,48795.0859893348,4287.90197903936,99672.4571873655
