"g_whoregion","pregTBI_best","pregTBI_lo","pregTBI_hi","ppTBI_best","ppTBI_lo","ppTBI_hi"
"AFR",62067.5508137446,48214.3653555667,75920.7362719225,20227.3714705507,15712.7172810552,24742.0256600462
"AMR",3301.15880995669,2712.69597923268,3889.6216406807,1075.8240764591,884.04824323208,1267.59990968612
"EUR",881.362311611324,549.629269585263,1213.09535363738,287.229681909048,179.120253034483,395.339110783612
"SEA",87532.7695553628,68405.7655010575,106659.773609668,28526.3043640245,22292.9503641839,34759.658363865
"WPR",1035.58064065405,582.284292473001,1488.8769888351,337.488333784579,189.762291743433,485.214375825724
"Total",154818.422131329,131187.61926038,178449.225002279,50454.2179267279,42753.1080625346,58155.3277909212
