period,m,lo,hi,SE,description
P,1.38043583652498,1.20625297087315,1.57977069883031,0.0952851346829489,Pregnancy with HIV data
PP,1.91362135145753,1.53945543857519,2.37872859778481,0.214100295716742,Postpartum with HIV data
PH0,1.34372938499863,1.1711155731069,1.54178520171038,0.0945585787253763,Pregnancy no HIV data
PPH0,1.91770060656817,1.53665245726625,2.39323836632159,0.218516813534524,Postpartum no HIV data
PH1,2.588997,1.258043,4.733734,0.338050250334146,Postpartum HIV data
PPH1,1.950755,0.585772,4.667024,0.529425064555708,Postpartum HIV data
